{
    "id": "@intendant/hue-light-smartobject",
    "name": "hue-light-smartobject",
    "type": "smartobject",
    "icon": "bulb-outline",
    "settings": [
        {
            "id": "id",
            "type": "string",
            "name": "Light identifiant"
        },
        {
            "id": "path",
            "type": "string",
            "name": "Hue Hub path"
        },
        {
            "id": "apikey",
            "type": "string",
            "name": "Hue authorisation"
        }
    ],
    "actions": [
        {
            "id": "getState",
            "name": "Get state",
            "description": "Get description",
            "settings": []
        },
        {
            "id": "turnOff",
            "name": "Turn off light",
            "description": "Turn off light",
            "settings": []
        },
        {
            "id": "turnOn",
            "name": "Turn on light",
            "description": "Turn on light with color and intensity parameters",
            "settings": [
                {
                    "id": "brightness",
                    "type": "slider",
                    "step": 1,
                    "min": 1,
                    "max": 255,
                    "default":255
                },
                {
                    "id": "color",
                    "type": "colorpicker",
                    "default": "#ffffff"
                }
            ],
            "submit": true
        }
    ]
}