{
    "id": "@intendant/hue-plug-smartobject",
    "name": "hue-plug-smartobject",
    "type": "smartobject",
    "icon": "flash-outline",
    "settings": [{
            "id": "id",
            "type": "string",
            "name": "Plug identifiant"
        },
        {
            "id": "path",
            "type": "string",
            "name": "Hue Hub path"
        },
        {
            "id": "apikey",
            "type": "string",
            "name": "Hue authorisation"
        }
    ],
    "actions": [{
            "id": "getState",
            "name": "Get state",
            "description": "Get description",
            "settings": []
        },
        {
            "id": "turnOff",
            "name": "Turn off",
            "description": "Turn off",
            "settings": []
        },
        {
            "id": "turnOn",
            "name": "Turn on",
            "description": "Turn on",
            "settings": []
        }
    ]
}