{
    "id": "@intendant/hue-switch-smartobject",
    "name": "hue-switch-smartobject",
    "type": "smartobject",
    "icon": "radio-outline",
    "settings": [
        {
            "id": "id",
            "type": "string",
            "name": "Switch identifiant"
        },
        {
            "id": "path",
            "type": "string",
            "name": "Hue Hub ip"
        },
        {
            "id": "apikey",
            "type": "string",
            "name": "Hue authorisation"
        }
    ],
    "actions": [
        {
            "id": "getState",
            "name": "Get state",
            "description": "Get switch state",
            "settings": []
        },
        {
            "id": "getConfiguration",
            "name": "Get configuration",
            "description": "Get switch configuration",
            "settings": []
        }
    ]
}