{
    "id": "@intendant/netatmo-home-coach-smartobject",
    "name": "netatmo-home-coach-smartobject",
    "type": "smartobject",
    "icon": "sun-outline",
    "settings": [
        {
            "id": "clientId",
            "type": "string",
            "name": "Client id"
        },
        {
            "id": "clientSecret",
            "type": "string",
            "name": "Client secret"
        },
        {
            "id": "token",
            "type": "string",
            "name": "Refresh token"
        },
        {
            "id": "device",
            "type": "string",
            "name": "Device id"
        }
    ],
    "actions": [
        {
            "id": "getData",
            "name": "Get home data",
            "description": "Get home data",
            "settings": []
        }
    ]
}